<mule xmlns:mulexml="http://www.mulesoft.org/schema/mule/xml" xmlns="http://www.mulesoft.org/schema/mule/core" xmlns:apikit-soap="http://www.mulesoft.org/schema/mule/apikit-soap" xmlns:doc="http://www.mulesoft.org/schema/mule/documentation" xmlns:http="http://www.mulesoft.org/schema/mule/http" xmlns:spring="http://www.springframework.org/schema/beans" xmlns:xsi="http://www.w3.org/2001/XMLSchema-instance" xsi:schemaLocation="http://www.mulesoft.org/schema/mule/core http://www.mulesoft.org/schema/mule/core/current/mule.xsd
http://www.mulesoft.org/schema/mule/http http://www.mulesoft.org/schema/mule/http/current/mule-http.xsd
http://www.springframework.org/schema/beans http://www.springframework.org/schema/beans/spring-beans-3.1.xsd
http://www.mulesoft.org/schema/mule/apikit-soap http://www.mulesoft.org/schema/mule/apikit-soap/current/mule-apikit-soap.xsd
http://www.mulesoft.org/schema/mule/xml http://www.mulesoft.org/schema/mule/xml/current/mule-xml.xsd">
  <http:listener-config name="api-httpListenerConfig" host="0.0.0.0" port="8087" doc:name="HTTP Listener Configuration"/>
  <apikit-soap:config name="/GlobalWeather/GlobalWeatherSoap/api-config" wsdlUrl="SampleWSDL.wsdl" serviceName="GlobalWeather" portName="GlobalWeatherSoap" doc:name="APIkit SOAP: Configuration" inboundValidationMessage="false"/>
  <flow name="api-main">
    <http:listener path="/GlobalWeather/GlobalWeatherSoap" config-ref="api-httpListenerConfig" doc:name="/GlobalWeather/GlobalWeatherSoap" />

    <apikit-soap:router config-ref="/GlobalWeather/GlobalWeatherSoap/api-config" doc:name="SOAP Router"/>
        <catch-exception-strategy doc:name="Catch Exception Strategy">
            <logger message="Into Exception" level="INFO" doc:name="Logger"/>
        </catch-exception-strategy>
  </flow>
  <flow name="GetWeather:/GlobalWeather/GlobalWeatherSoap/api-config">
    <set-payload value="&lt;soap:Fault xmlns:soap=&quot;http://www.w3.org/2003/05/soap-envelope&quot;&gt;&lt;faultcode&gt;soap:Server&lt;/faultcode&gt;&lt;faultstring&gt;Operation [GetWeather:/GlobalWeather/GlobalWeatherSoap/api-config] not implemented&lt;/faultstring&gt;&lt;/soap:Fault&gt;" doc:name="Set Payload"/>

  </flow>
  <flow name="GetCitiesByCountry:/GlobalWeather/GlobalWeatherSoap/api-config">
    <set-payload value="&lt;soap:Fault xmlns:soap=&quot;http://www.w3.org/2003/05/soap-envelope&quot;&gt;&lt;faultcode&gt;soap:Server&lt;/faultcode&gt;&lt;faultstring&gt;Operation [GetCitiesByCountry:/GlobalWeather/GlobalWeatherSoap/api-config] not implemented&lt;/faultstring&gt;&lt;/soap:Fault&gt;" doc:name="Set Payload"/>
  </flow>
</mule>